
/*!40101 SET @OLD_CHARACTER_SET_CLIENT=@@CHARACTER_SET_CLIENT */;
/*!40101 SET @OLD_CHARACTER_SET_RESULTS=@@CHARACTER_SET_RESULTS */;
/*!40101 SET @OLD_COLLATION_CONNECTION=@@COLLATION_CONNECTION */;
/*!40101 SET NAMES utf8mb4 */;
/*!40103 SET @OLD_TIME_ZONE=@@TIME_ZONE */;
/*!40103 SET TIME_ZONE='+00:00' */;
/*!40014 SET @OLD_UNIQUE_CHECKS=@@UNIQUE_CHECKS, UNIQUE_CHECKS=0 */;
/*!40014 SET @OLD_FOREIGN_KEY_CHECKS=@@FOREIGN_KEY_CHECKS, FOREIGN_KEY_CHECKS=0 */;
/*!40101 SET @OLD_SQL_MODE=@@SQL_MODE, SQL_MODE='NO_AUTO_VALUE_ON_ZERO' */;
/*!40111 SET @OLD_SQL_NOTES=@@SQL_NOTES, SQL_NOTES=0 */;
DROP TABLE IF EXISTS `campuses`;
/*!40101 SET @saved_cs_client     = @@character_set_client */;
/*!40101 SET character_set_client = utf8 */;
CREATE TABLE `campuses` (
  `id` bigint(20) unsigned NOT NULL AUTO_INCREMENT,
  `name` varchar(125) NOT NULL,
  `created_at` timestamp NULL DEFAULT NULL,
  `updated_at` timestamp NULL DEFAULT NULL,
  PRIMARY KEY (`id`)
) ENGINE=InnoDB AUTO_INCREMENT=8 DEFAULT CHARSET=utf8mb4 COLLATE=utf8mb4_unicode_ci;
/*!40101 SET character_set_client = @saved_cs_client */;

LOCK TABLES `campuses` WRITE;
/*!40000 ALTER TABLE `campuses` DISABLE KEYS */;
INSERT INTO `campuses` VALUES (1,'ACCESS','2023-12-25 14:50:05','2023-12-25 14:50:05'),(2,'TACURONG','2023-12-25 14:50:05','2023-12-25 14:50:05'),(3,'ISULAN','2023-12-25 14:50:05','2023-12-25 14:50:05'),(4,'LUTAYAN','2023-12-25 14:50:05','2023-12-25 14:50:05'),(5,'BAGUMBAYAN','2023-12-25 14:50:05','2023-12-25 14:50:05'),(6,'KALAMANSIG','2023-12-25 14:50:05','2023-12-25 14:50:05'),(7,'PALIMBANG','2023-12-25 14:50:05','2023-12-25 14:50:05');
/*!40000 ALTER TABLE `campuses` ENABLE KEYS */;
UNLOCK TABLES;
DROP TABLE IF EXISTS `degree_programs`;
/*!40101 SET @saved_cs_client     = @@character_set_client */;
/*!40101 SET character_set_client = utf8 */;
CREATE TABLE `degree_programs` (
  `id` bigint(20) unsigned NOT NULL AUTO_INCREMENT,
  `name` varchar(125) NOT NULL,
  `created_at` timestamp NULL DEFAULT NULL,
  `updated_at` timestamp NULL DEFAULT NULL,
  PRIMARY KEY (`id`)
) ENGINE=InnoDB AUTO_INCREMENT=48 DEFAULT CHARSET=utf8mb4 COLLATE=utf8mb4_unicode_ci;
/*!40101 SET character_set_client = @saved_cs_client */;

LOCK TABLES `degree_programs` WRITE;
/*!40000 ALTER TABLE `degree_programs` DISABLE KEYS */;
INSERT INTO `degree_programs` VALUES (1,'Doctor of Philosophy in Biology','2023-12-25 14:50:05','2023-12-25 14:50:05'),(2,'Doctor of Technology Education','2023-12-25 14:50:05','2023-12-25 14:50:05'),(3,'PhD in Education major in Physical Education','2023-12-25 14:50:05','2023-12-25 14:50:05'),(4,'Doctor of Education Major in Educational Management','2023-12-25 14:50:05','2023-12-25 14:50:05'),(5,'PhD in Education Major in Curriculum Development','2023-12-25 14:50:05','2023-12-25 14:50:05'),(6,'Doctor of Philosophy in Language Education','2024-01-02 00:25:50','2024-01-02 00:25:50'),(7,'Doctor of Philosophy in Education major in Physics','2024-01-02 00:30:26','2024-01-02 00:30:26'),(8,'Doctor of Philosophy in English Language and Literature','2024-01-02 00:43:46','2024-01-02 00:43:46'),(9,'Doctor of Philosophy in Education','2024-01-02 00:47:12','2024-01-02 00:47:12'),(10,'University of San Carlos','2024-01-02 00:50:50','2024-01-02 00:50:50'),(11,'Doctor of Engineering','2024-01-02 00:51:17','2024-01-02 00:51:17'),(12,'PhD in Mathematical Sciences Major in Mathematics Education','2024-01-02 00:55:44','2024-01-02 00:55:44'),(13,'PhD in Environmental Science','2024-01-02 01:16:32','2024-01-02 01:16:32'),(14,' PhD in Mathematics','2024-01-04 02:31:40','2024-01-04 02:31:40'),(15,'Doctor of Information Technology','2024-01-04 05:19:20','2024-01-04 05:19:20'),(16,'Doctor of Philosophy in Agricultural Science','2024-01-04 05:44:18','2024-01-04 05:44:18'),(17,'PhD in Social Science','2024-01-04 05:58:39','2024-01-04 05:58:39'),(18,'PhD in Nursing','2024-01-04 06:34:05','2024-01-04 06:34:05'),(19,' PhD in Sustainable Development Studies major in Sustainable Economic Development','2024-01-04 07:40:18','2024-01-04 07:40:18'),(20,'Doctor of Business Management','2024-01-04 07:56:14','2024-01-04 07:56:14'),(21,'PhD-Linguistics','2024-01-04 08:09:23','2024-01-04 08:09:23'),(22,'Doctor of Philosophy in Animal Nutrition and Feed Sciences','2024-01-04 08:30:13','2024-01-04 08:30:13'),(23,'Doctor of Philosophy in Mechanical Engineering','2024-01-04 08:31:28','2024-01-04 08:31:28'),(24,'Doctor of Engineering on Renewable Energy (DE-RE)','2024-01-04 08:50:35','2024-01-04 08:50:35'),(25,'PhD in Pilipino','2024-01-05 03:42:21','2024-01-05 03:42:21'),(26,'Master Laws','2024-01-05 05:42:16','2024-01-05 05:42:16'),(27,'Doctor in Business Administration','2024-01-05 05:45:26','2024-01-05 05:45:26'),(28,'Doctor of Philosophy in Social Development','2024-01-05 05:59:51','2024-01-05 05:59:51'),(29,'Doctor of Philosophy in Crop Science','2024-01-05 06:09:48','2024-01-05 06:09:48'),(30,'PhD in Science Education Major in Chemistry','2024-01-08 02:08:29','2024-01-08 02:08:29'),(31,'PhD in Educational Administration','2024-01-08 02:40:40','2024-01-08 02:40:40'),(32,'Doctor of Philosophy in Peace and Development','2024-01-08 02:58:53','2024-01-08 02:58:53'),(33,'Doctor of Philosophy Major in Institutional Development & Management','2024-01-08 03:24:12','2024-01-08 03:24:12'),(34,'Doctor of Philisophy in Plant Pathology','2024-01-17 02:14:18','2024-01-17 02:14:18'),(35,'Doctor of Philosophy in Physics','2024-01-17 03:28:26','2024-01-17 03:28:26'),(36,'Doctor of Philosophy in Electronic Engineering','2024-01-17 05:15:08','2024-01-17 05:15:08'),(37,'Doctor of Philosophy in Aquaculture','2024-01-17 05:19:17','2024-01-17 05:19:17'),(38,'Doctor of Philosophy in Science Education Major in Mathematics','2024-01-17 05:28:02','2024-01-17 05:28:02'),(39,'Doctor of Philosophy in Mathematics Education','2024-01-17 05:33:10','2024-01-17 05:33:10'),(40,'Master in Information Technology','2024-01-17 06:21:25','2024-01-17 06:21:25'),(41,'Master of Arts in Education- TESL','2024-01-17 06:28:59','2024-01-17 06:28:59'),(42,'Master of Engineering major in Computer Engineering','2024-01-17 06:36:19','2024-01-17 06:36:19'),(43,'Master of arts in Political Science','2024-01-17 08:02:55','2024-01-17 08:02:55'),(44,'Master of Arts in Engineering Major in Computer Engineering','2024-01-17 08:11:39','2024-01-17 08:11:39'),(45,'Master of  Arts in Sociology ','2024-01-17 08:17:36','2024-01-17 08:17:36'),(46,'Master of Science in Statistics','2024-01-17 08:36:35','2024-01-17 08:36:35'),(47,'Master of Science in Criminal Justice Education Major in Criminology','2024-01-17 08:43:11','2024-01-17 08:43:11');
/*!40000 ALTER TABLE `degree_programs` ENABLE KEYS */;
UNLOCK TABLES;
DROP TABLE IF EXISTS `failed_jobs`;
/*!40101 SET @saved_cs_client     = @@character_set_client */;
/*!40101 SET character_set_client = utf8 */;
CREATE TABLE `failed_jobs` (
  `id` bigint(20) unsigned NOT NULL AUTO_INCREMENT,
  `uuid` varchar(125) NOT NULL,
  `connection` text NOT NULL,
  `queue` text NOT NULL,
  `payload` longtext NOT NULL,
  `exception` longtext NOT NULL,
  `failed_at` timestamp NOT NULL DEFAULT current_timestamp(),
  PRIMARY KEY (`id`),
  UNIQUE KEY `failed_jobs_uuid_unique` (`uuid`)
) ENGINE=InnoDB DEFAULT CHARSET=utf8mb4 COLLATE=utf8mb4_unicode_ci;
/*!40101 SET character_set_client = @saved_cs_client */;

LOCK TABLES `failed_jobs` WRITE;
/*!40000 ALTER TABLE `failed_jobs` DISABLE KEYS */;
/*!40000 ALTER TABLE `failed_jobs` ENABLE KEYS */;
UNLOCK TABLES;
DROP TABLE IF EXISTS `hei_disconnection_reasons`;
/*!40101 SET @saved_cs_client     = @@character_set_client */;
/*!40101 SET character_set_client = utf8 */;
CREATE TABLE `hei_disconnection_reasons` (
  `id` bigint(20) unsigned NOT NULL AUTO_INCREMENT,
  `name` varchar(125) NOT NULL,
  `created_at` timestamp NULL DEFAULT NULL,
  `updated_at` timestamp NULL DEFAULT NULL,
  PRIMARY KEY (`id`)
) ENGINE=InnoDB DEFAULT CHARSET=utf8mb4 COLLATE=utf8mb4_unicode_ci;
/*!40101 SET character_set_client = @saved_cs_client */;

LOCK TABLES `hei_disconnection_reasons` WRITE;
/*!40000 ALTER TABLE `hei_disconnection_reasons` DISABLE KEYS */;
/*!40000 ALTER TABLE `hei_disconnection_reasons` ENABLE KEYS */;
UNLOCK TABLES;
DROP TABLE IF EXISTS `higher_education_institutes`;
/*!40101 SET @saved_cs_client     = @@character_set_client */;
/*!40101 SET character_set_client = utf8 */;
CREATE TABLE `higher_education_institutes` (
  `id` bigint(20) unsigned NOT NULL AUTO_INCREMENT,
  `name` varchar(125) NOT NULL,
  `created_at` timestamp NULL DEFAULT NULL,
  `updated_at` timestamp NULL DEFAULT NULL,
  PRIMARY KEY (`id`)
) ENGINE=InnoDB AUTO_INCREMENT=238 DEFAULT CHARSET=utf8mb4 COLLATE=utf8mb4_unicode_ci;
/*!40101 SET character_set_client = @saved_cs_client */;

LOCK TABLES `higher_education_institutes` WRITE;
/*!40000 ALTER TABLE `higher_education_institutes` DISABLE KEYS */;
INSERT INTO `higher_education_institutes` VALUES (1,'Abra State Institute of Science and Technology','2023-12-25 14:50:05','2023-12-25 14:50:05'),(2,'Adamson University','2023-12-25 14:50:05','2023-12-25 14:50:05'),(3,'Adventist International Institute of Advanced Studies','2023-12-25 14:50:05','2023-12-25 14:50:05'),(4,'Adventist University of the Philippines','2023-12-25 14:50:05','2023-12-25 14:50:05'),(5,'Aklan State University','2023-12-25 14:50:05','2023-12-25 14:50:05'),(6,'Aldersgate College','2023-12-25 14:50:05','2023-12-25 14:50:05'),(7,'AMA Computer University','2023-12-25 14:50:05','2023-12-25 14:50:05'),(8,'Angeles University Foundation','2023-12-25 14:50:05','2023-12-25 14:50:05'),(9,'Aquinas University of Legazpi','2023-12-25 14:50:05','2023-12-25 14:50:05'),(10,'Arellano University','2023-12-25 14:50:05','2023-12-25 14:50:05'),(11,'Asia Pacific College','2023-12-25 14:50:05','2023-12-25 14:50:05'),(12,'Asian Institute of Journalism and Communication','2023-12-25 14:50:05','2023-12-25 14:50:05'),(13,'Asian Institute of Management','2023-12-25 14:50:05','2023-12-25 14:50:05'),(14,'Asian Institute of Maritime Studies','2023-12-25 14:50:05','2023-12-25 14:50:05'),(15,'Asian Social Institute','2023-12-25 14:50:05','2023-12-25 14:50:05'),(16,'Assumption College San Lorenzo','2023-12-25 14:50:05','2023-12-25 14:50:05'),(17,'Ateneo de Davao University','2023-12-25 14:50:05','2023-12-25 14:50:05'),(18,'Ateneo de Manila University','2023-12-25 14:50:05','2023-12-25 14:50:05'),(19,'Ateneo de Naga University','2023-12-25 14:50:05','2023-12-25 14:50:05'),(20,'Ateneo de Zamboanga University','2023-12-25 14:50:05','2023-12-25 14:50:05'),(21,'Aurora State College of Technology','2023-12-25 14:50:05','2023-12-25 14:50:05'),(22,'Baliuag University','2023-12-25 14:50:05','2023-12-25 14:50:05'),(23,'Bataan Peninsula State University','2023-12-25 14:50:05','2023-12-25 14:50:05'),(24,'Batangas State University','2023-12-25 14:50:05','2023-12-25 14:50:05'),(25,'Benguet State University','2023-12-25 14:50:05','2023-12-25 14:50:05'),(26,'Bicol University','2023-12-25 14:50:05','2023-12-25 14:50:05'),(27,'Biliran Province State University','2023-12-25 14:50:05','2023-12-25 14:50:05'),(28,'Bohol Island State University','2023-12-25 14:50:05','2023-12-25 14:50:05'),(29,'Bukidnon State University','2023-12-25 14:50:05','2023-12-25 14:50:05'),(30,'Bulacan Agricultural State College','2023-12-25 14:50:05','2023-12-25 14:50:05'),(31,'Bulacan State University','2023-12-25 14:50:05','2023-12-25 14:50:05'),(32,'Cagayan State University','2023-12-25 14:50:05','2023-12-25 14:50:05'),(33,'Camarines Norte State College','2023-12-25 14:50:05','2023-12-25 14:50:05'),(34,'Camarines Sur Polytechnic Colleges','2023-12-25 14:50:05','2023-12-25 14:50:05'),(35,'Capitol University','2023-12-25 14:50:05','2023-12-25 14:50:05'),(36,'Capiz State University','2023-12-25 14:50:05','2023-12-25 14:50:05'),(37,'Caraga State University','2023-12-25 14:50:05','2023-12-25 14:50:05'),(38,'Catanduanes State University','2023-12-25 14:50:05','2023-12-25 14:50:05'),(39,'Cavite State University','2023-12-25 14:50:05','2023-12-25 14:50:05'),(40,'Cebu Doctors\' University','2023-12-25 14:50:05','2023-12-25 14:50:05'),(41,'Cebu Institute of Medicine','2023-12-25 14:50:05','2023-12-25 14:50:05'),(42,'Cebu Institute of Technology','2023-12-25 14:50:05','2023-12-25 14:50:05'),(43,'Cebu Normal University','2023-12-25 14:50:05','2023-12-25 14:50:05'),(44,'Cebu Technological University','2023-12-25 14:50:05','2023-12-25 14:50:05'),(45,'Central Colleges of the Philippines','2023-12-25 14:50:05','2023-12-25 14:50:05'),(46,'Central Luzon State University','2023-12-25 14:50:05','2023-12-25 14:50:05'),(47,'Central Mindanao University','2023-12-25 14:50:05','2023-12-25 14:50:05'),(48,'Central Philippine Adventist College','2023-12-25 14:50:05','2023-12-25 14:50:05'),(49,'Central Philippine University','2023-12-25 14:50:05','2023-12-25 14:50:05'),(50,'Centro Escolar University','2023-12-25 14:50:05','2023-12-25 14:50:05'),(51,'Chiang Kai Shek College','2023-12-25 14:50:05','2023-12-25 14:50:05'),(52,'Christ the King College','2023-12-25 14:50:05','2023-12-25 14:50:05'),(53,'Colegio de Dagupan','2023-12-25 14:50:05','2023-12-25 14:50:05'),(54,'Colegio de San Juan de Letran','2023-12-25 14:50:05','2023-12-25 14:50:05'),(55,'College of the Holy Spirit','2023-12-25 14:50:05','2023-12-25 14:50:05'),(56,'Cor Jesu College','2023-12-25 14:50:05','2023-12-25 14:50:05'),(57,'Davao Doctors College','2023-12-25 14:50:05','2023-12-25 14:50:05'),(58,'De La Salle Lipa','2023-12-25 14:50:05','2023-12-25 14:50:05'),(59,'De La Salle Medical and Health Sciences Institute','2023-12-25 14:50:05','2023-12-25 14:50:05'),(60,'De La Salle University','2023-12-25 14:50:05','2023-12-25 14:50:05'),(61,'De La Salle-College of Saint Benilde','2023-12-25 14:50:05','2023-12-25 14:50:05'),(62,'Don Bosco Technical College','2023-12-25 14:50:05','2023-12-25 14:50:05'),(63,'Don Honorio Ventura Technological State University','2023-12-25 14:50:05','2023-12-25 14:50:05'),(64,'Don Mariano Marcos Memorial State University','2023-12-25 14:50:05','2023-12-25 14:50:05'),(65,'Eastern Samar State University','2023-12-25 14:50:05','2023-12-25 14:50:05'),(66,'Eastern Visayas State University','2023-12-25 14:50:05','2023-12-25 14:50:05'),(67,'Emilio Aguinaldo College','2023-12-25 14:50:05','2023-12-25 14:50:05'),(68,'Eulogio Amang\" Rodriguez Institute of Science and Techno\"','2023-12-25 14:50:05','2023-12-25 14:50:05'),(69,'Father Saturnino Urios University','2023-12-25 14:50:05','2023-12-25 14:50:05'),(70,'FEATI University','2023-12-25 14:50:05','2023-12-25 14:50:05'),(71,'FEU Institute of Technology','2023-12-25 14:50:05','2023-12-25 14:50:05'),(72,'Filamer Christian University','2023-12-25 14:50:05','2023-12-25 14:50:05'),(73,'Guagua National Colleges','2023-12-25 14:50:05','2023-12-25 14:50:05'),(74,'Guimaras State University','2023-12-25 14:50:05','2023-12-25 14:50:05'),(75,'Holy Angel University','2023-12-25 14:50:05','2023-12-25 14:50:05'),(76,'Holy Cross of Davao College','2023-12-25 14:50:05','2023-12-25 14:50:05'),(77,'Holy Name University','2023-12-25 14:50:05','2023-12-25 14:50:05'),(78,'Holy Trinity University','2023-12-25 14:50:05','2023-12-25 14:50:05'),(79,'Ilocos Sur Polytechnic State College','2023-12-25 14:50:05','2023-12-25 14:50:05'),(80,'Iloilo Science and Technology University','2023-12-25 14:50:05','2023-12-25 14:50:05'),(81,'Isabela State University','2023-12-25 14:50:05','2023-12-25 14:50:05'),(82,'John B. Lacson Foundation Maritime University','2023-12-25 14:50:05','2023-12-25 14:50:05'),(83,'José Rizal University','2023-12-25 14:50:05','2023-12-25 14:50:05'),(84,'La Consolacion College','2023-12-25 14:50:05','2023-12-25 14:50:05'),(85,'La Consolacion College Manila','2023-12-25 14:50:05','2023-12-25 14:50:05'),(86,'La Consolacion University Philippines','2023-12-25 14:50:05','2023-12-25 14:50:05'),(87,'La Salle University, Ozamiz City','2023-12-25 14:50:05','2023-12-25 14:50:05'),(88,'Laguna State Polytechnic University','2023-12-25 14:50:05','2023-12-25 14:50:05'),(89,'Leyte Normal University','2023-12-25 14:50:05','2023-12-25 14:50:05'),(90,'Liceo de Cagayan University','2023-12-25 14:50:05','2023-12-25 14:50:05'),(91,'Lipa City Colleges','2023-12-25 14:50:05','2023-12-25 14:50:05'),(92,'Lorma Colleges','2023-12-25 14:50:05','2023-12-25 14:50:05'),(93,'Lourdes College','2023-12-25 14:50:05','2023-12-25 14:50:05'),(94,'Lyceum of the Philippines University','2023-12-25 14:50:05','2023-12-25 14:50:05'),(95,'Lyceum-Northwestern University','2023-12-25 14:50:05','2023-12-25 14:50:05'),(96,'Manila Central University','2023-12-25 14:50:05','2023-12-25 14:50:05'),(97,'Manuel L. Quezon University','2023-12-25 14:50:05','2023-12-25 14:50:05'),(98,'Manuel S. Enverga University Foundation','2023-12-25 14:50:05','2023-12-25 14:50:05'),(99,'Mapúa University','2023-12-25 14:50:05','2023-12-25 14:50:05'),(100,'Mariano Marcos State University','2023-12-25 14:50:05','2023-12-25 14:50:05'),(101,'Marinduque State College','2023-12-25 14:50:05','2023-12-25 14:50:05'),(102,'Meycauayan College','2023-12-25 14:50:05','2023-12-25 14:50:05'),(103,'Mindanao State University','2023-12-25 14:50:05','2023-12-25 14:50:05'),(104,'Mindanao State University - Iligan Institute of Technolog','2023-12-25 14:50:05','2023-12-25 14:50:05'),(105,'Misamis Oriental State College of Agriculture and Technol','2023-12-25 14:50:05','2023-12-25 14:50:05'),(106,'Mountain View College','2023-12-25 14:50:05','2023-12-25 14:50:05'),(107,'National College of Business and Arts','2023-12-25 14:50:05','2023-12-25 14:50:05'),(108,'National Defense College of the Philippines','2023-12-25 14:50:05','2023-12-25 14:50:05'),(109,'National Teachers College','2023-12-25 14:50:05','2023-12-25 14:50:05'),(110,'National University, Philippines','2023-12-25 14:50:05','2023-12-25 14:50:05'),(111,'Negros Oriental State University','2023-12-25 14:50:05','2023-12-25 14:50:05'),(112,'New Era University','2023-12-25 14:50:05','2023-12-25 14:50:05'),(113,'Northern Luzon Adventist College','2023-12-25 14:50:05','2023-12-25 14:50:05'),(114,'Northwest Samar State University','2023-12-25 14:50:05','2023-12-25 14:50:05'),(115,'Northwestern University, Philippines','2023-12-25 14:50:05','2023-12-25 14:50:05'),(116,'Notre Dame of Dadiangas University','2023-12-25 14:50:05','2023-12-25 14:50:05'),(117,'Notre Dame of Kidapawan College','2023-12-25 14:50:05','2023-12-25 14:50:05'),(118,'Notre Dame of Marbel University','2023-12-25 14:50:05','2023-12-25 14:50:05'),(119,'Notre Dame University','2023-12-25 14:50:05','2023-12-25 14:50:05'),(120,'Nueva Ecija University of Science and Technology','2023-12-25 14:50:05','2023-12-25 14:50:05'),(121,'Nueva Vizcaya State University','2023-12-25 14:50:05','2023-12-25 14:50:05'),(122,'Olivarez College','2023-12-25 14:50:05','2023-12-25 14:50:05'),(123,'Our Lady of Fatima University','2023-12-25 14:50:05','2023-12-25 14:50:05'),(124,'Palawan State University','2023-12-25 14:50:05','2023-12-25 14:50:05'),(125,'Pamantasan ng Lungsod ng Maynila','2023-12-25 14:50:05','2023-12-25 14:50:05'),(126,'Pangasinan State University','2023-12-25 14:50:05','2023-12-25 14:50:05'),(127,'Partido State University','2023-12-25 14:50:05','2023-12-25 14:50:05'),(128,'Pasig Catholic College','2023-12-25 14:50:05','2023-12-25 14:50:05'),(129,'PATTS College of Aeronautics','2023-12-25 14:50:05','2023-12-25 14:50:05'),(130,'Philippine Christian University','2023-12-25 14:50:05','2023-12-25 14:50:05'),(131,'Philippine Normal University','2023-12-25 14:50:05','2023-12-25 14:50:05'),(132,'Philippine School of Business Administration','2023-12-25 14:50:05','2023-12-25 14:50:05'),(133,'Polytechnic University of the Philippines','2023-12-25 14:50:05','2023-12-25 14:50:05'),(134,'President Ramon Magsaysay State University','2023-12-25 14:50:05','2023-12-25 14:50:05'),(135,'Quirino State University','2023-12-25 14:50:05','2023-12-25 14:50:05'),(136,'Republic Central Colleges','2023-12-25 14:50:05','2023-12-25 14:50:05'),(137,'Rizal Technological University','2023-12-25 14:50:05','2023-12-25 14:50:05'),(138,'Romblon State University','2023-12-25 14:50:05','2023-12-25 14:50:05'),(139,'Sacred Heart College','2023-12-25 14:50:05','2023-12-25 14:50:05'),(140,'Saint Joseph Institute of Technology','2023-12-25 14:50:05','2023-12-25 14:50:05'),(141,'Saint Jude College','2023-12-25 14:50:05','2023-12-25 14:50:05'),(142,'Saint Louis University, Baguio City','2023-12-25 14:50:05','2023-12-25 14:50:05'),(143,'Saint Mary\'s University of Bayombong','2023-12-25 14:50:05','2023-12-25 14:50:05'),(144,'Saint Michael\'s College of Laguna','2023-12-25 14:50:05','2023-12-25 14:50:05'),(145,'Saint Pedro Poveda College','2023-12-25 14:50:05','2023-12-25 14:50:05'),(146,'Samar State University','2023-12-25 14:50:05','2023-12-25 14:50:05'),(147,'San Beda University','2023-12-25 14:50:05','2023-12-25 14:50:05'),(148,'San Sebastian College-Recoletos de Cavite','2023-12-25 14:50:05','2023-12-25 14:50:05'),(149,'Santa Isabel College','2023-12-25 14:50:05','2023-12-25 14:50:05'),(150,'Siena College of Taytay','2023-12-25 14:50:05','2023-12-25 14:50:05'),(151,'Silliman University','2023-12-25 14:50:05','2023-12-25 14:50:05'),(152,'Sorsogon State College','2023-12-25 14:50:05','2023-12-25 14:50:05'),(153,'Southern Leyte State University','2023-12-25 14:50:05','2023-12-25 14:50:05'),(154,'Southern Luzon State University','2023-12-25 14:50:05','2023-12-25 14:50:05'),(155,'Southwestern University - PHINMA','2023-12-25 14:50:05','2023-12-25 14:50:05'),(156,'St. Joseph\'s College of Quezon City','2023-12-25 14:50:05','2023-12-25 14:50:05'),(157,'St. Louis College Valenzuela','2023-12-25 14:50:05','2023-12-25 14:50:05'),(158,'St. Luke\'s College of Medicine - WHQM','2023-12-25 14:50:05','2023-12-25 14:50:05'),(159,'St. Mary\'s College','2023-12-25 14:50:05','2023-12-25 14:50:05'),(160,'St. Paul University Dumaguete','2023-12-25 14:50:05','2023-12-25 14:50:05'),(161,'St. Paul University Iloilo','2023-12-25 14:50:05','2023-12-25 14:50:05'),(162,'St. Paul University Manila','2023-12-25 14:50:05','2023-12-25 14:50:05'),(163,'St. Paul University Philippines','2023-12-25 14:50:05','2023-12-25 14:50:05'),(164,'St. Paul University Quezon City','2023-12-25 14:50:05','2023-12-25 14:50:05'),(165,'St. Paul University Surigao','2023-12-25 14:50:05','2023-12-25 14:50:05'),(166,'St. Scholastica\'s College','2023-12-25 14:50:05','2023-12-25 14:50:05'),(167,'STI West Negros University','2023-12-25 14:50:05','2023-12-25 14:50:05'),(168,'Sultan Kudarat State University','2023-12-25 14:50:05','2023-12-25 14:50:05'),(169,'Surigao del Sur State University','2023-12-25 14:50:05','2023-12-25 14:50:05'),(170,'Tarlac Agricultural University','2023-12-25 14:50:05','2023-12-25 14:50:05'),(171,'Tarlac State University','2023-12-25 14:50:05','2023-12-25 14:50:05'),(172,'Technological Institute of the Philippines','2023-12-25 14:50:05','2023-12-25 14:50:05'),(173,'Technological University of the Philippines','2023-12-25 14:50:05','2023-12-25 14:50:05'),(174,'The Philippine Women\'s University','2023-12-25 14:50:05','2023-12-25 14:50:05'),(175,'The University of Manila','2023-12-25 14:50:05','2023-12-25 14:50:05'),(176,'Trinity University of Asia','2023-12-25 14:50:05','2023-12-25 14:50:05'),(177,'Union Christian College','2023-12-25 14:50:05','2023-12-25 14:50:05'),(178,'Universidad de Sta. Isabel','2023-12-25 14:50:05','2023-12-25 14:50:05'),(179,'Universidad de Zamboanga','2023-12-25 14:50:05','2023-12-25 14:50:05'),(180,'University of Antique','2023-12-25 14:50:05','2023-12-25 14:50:05'),(181,'University of Asia and the Pacific','2023-12-25 14:50:05','2023-12-25 14:50:05'),(182,'University of Baguio','2023-12-25 14:50:05','2023-12-25 14:50:05'),(183,'University of Batangas','2023-12-25 14:50:05','2023-12-25 14:50:05'),(184,'University of Bohol','2023-12-25 14:50:05','2023-12-25 14:50:05'),(185,'University of Cagayan Valley','2023-12-25 14:50:05','2023-12-25 14:50:05'),(186,'University of Cebu','2023-12-25 14:50:05','2023-12-25 14:50:05'),(187,'University of Eastern Philippines','2023-12-25 14:50:05','2023-12-25 14:50:05'),(188,'University of Iloilo - PHINMA','2023-12-25 14:50:05','2023-12-25 14:50:05'),(189,'University of La Salette','2023-12-25 14:50:05','2023-12-25 14:50:05'),(190,'University of Luzon','2023-12-25 14:50:05','2023-12-25 14:50:05'),(191,'University of Mindanao','2023-12-25 14:50:05','2023-12-25 14:50:05'),(192,'University of Negros Occidental - Recoletos','2023-12-25 14:50:05','2023-12-25 14:50:05'),(193,'University of Northern Philippines','2023-12-25 14:50:05','2023-12-25 14:50:05'),(194,'University of Nueva Caceres','2023-12-25 14:50:05','2023-12-25 14:50:05'),(195,'University of Pangasinan - PHINMA','2023-12-25 14:50:05','2023-12-25 14:50:05'),(196,'University of Perpetual Help System DALTA','2023-12-25 14:50:05','2023-12-25 14:50:05'),(197,'University of Perpetual Help System Jonelta','2023-12-25 14:50:05','2023-12-25 14:50:05'),(198,'University of Rizal System','2023-12-25 14:50:05','2023-12-25 14:50:05'),(199,'University of Saint Louis','2023-12-25 14:50:05','2023-12-25 14:50:05'),(200,'University of San Agustin','2023-12-25 14:50:05','2023-12-25 14:50:05'),(201,'University of San Carlos','2023-12-25 14:50:05','2023-12-25 14:50:05'),(202,'University of San Jose-Recoletos','2023-12-25 14:50:05','2023-12-25 14:50:05'),(203,'University of Santo Tomas','2023-12-25 14:50:05','2023-12-25 14:50:05'),(204,'University of Science and Technology of Southern Philippi','2023-12-25 14:50:05','2023-12-25 14:50:05'),(205,'University of Southern Mindanao','2023-12-25 14:50:05','2023-12-25 14:50:05'),(206,'University of Southern Philippines Foundation','2023-12-25 14:50:05','2023-12-25 14:50:05'),(207,'University of St. La Salle','2023-12-25 14:50:05','2023-12-25 14:50:05'),(208,'University of the Assumption','2023-12-25 14:50:05','2023-12-25 14:50:05'),(209,'University of the Cordilleras','2023-12-25 14:50:05','2023-12-25 14:50:05'),(210,'University of the East','2023-12-25 14:50:05','2023-12-25 14:50:05'),(211,'University of the East Ramon Magsaysay','2023-12-25 14:50:05','2023-12-25 14:50:05'),(212,'University of the Immaculate Conception','2023-12-25 14:50:05','2023-12-25 14:50:05'),(213,'University of the Philippines Baguio','2023-12-25 14:50:05','2023-12-25 14:50:05'),(214,'University of the Philippines Diliman','2023-12-25 14:50:05','2023-12-25 14:50:05'),(215,'University of the Philippines in the Visayas','2023-12-25 14:50:05','2023-12-25 14:50:05'),(216,'University of the Philippines Los Baños','2023-12-25 14:50:05','2023-12-25 14:50:05'),(217,'University of the Philippines Manila','2023-12-25 14:50:05','2023-12-25 14:50:05'),(218,'University of the Philippines Mindanao','2023-12-25 14:50:05','2023-12-25 14:50:05'),(219,'University of the Philippines System','2023-12-25 14:50:05','2023-12-25 14:50:05'),(220,'University of the Visayas','2023-12-25 14:50:05','2023-12-25 14:50:05'),(221,'Virgen Milagrosa University Foundation','2023-12-25 14:50:05','2023-12-25 14:50:05'),(222,'Visayas State University','2023-12-25 14:50:05','2023-12-25 14:50:05'),(223,'Wesleyan University-Philippines','2023-12-25 14:50:05','2023-12-25 14:50:05'),(224,'West Visayas State University','2023-12-25 14:50:05','2023-12-25 14:50:05'),(225,'Western Institute of Technology','2023-12-25 14:50:05','2023-12-25 14:50:05'),(226,'Western Mindanao State University','2023-12-25 14:50:05','2023-12-25 14:50:05'),(227,'Western Philippines University','2023-12-25 14:50:05','2023-12-25 14:50:05'),(228,'Xavier University-Ateneo de Cagayan','2023-12-25 14:50:05','2023-12-25 14:50:05'),(229,'Zamboanga State College of Marine Sciences and Technology','2023-12-25 14:50:05','2023-12-25 14:50:05'),(230,'University of Science and Technology in Southern Philippines ','2024-01-02 00:56:04','2024-01-02 00:56:04'),(231,'Saint Paul University','2024-01-04 06:34:28','2024-01-04 06:34:28'),(232,'Suncheon National University','2024-01-04 08:30:38','2024-01-04 08:30:38'),(233,'Nagoya Institute of Technology','2024-01-04 08:31:15','2024-01-04 08:31:15'),(234,'Shaanxi Normal University','2024-01-04 08:42:40','2024-01-04 08:42:40'),(235,'University of Southeastern Philippines','2024-01-05 03:12:47','2024-01-05 03:12:47'),(236,'Cotabato State University','2024-01-08 02:41:12','2024-01-08 02:41:12'),(237,'Mindanao State University - Naawan Campus','2024-01-17 05:19:54','2024-01-17 05:19:54');
/*!40000 ALTER TABLE `higher_education_institutes` ENABLE KEYS */;
UNLOCK TABLES;
DROP TABLE IF EXISTS `migrations`;
/*!40101 SET @saved_cs_client     = @@character_set_client */;
/*!40101 SET character_set_client = utf8 */;
CREATE TABLE `migrations` (
  `id` int(10) unsigned NOT NULL AUTO_INCREMENT,
  `migration` varchar(125) NOT NULL,
  `batch` int(11) NOT NULL,
  PRIMARY KEY (`id`)
) ENGINE=InnoDB AUTO_INCREMENT=13 DEFAULT CHARSET=utf8mb4 COLLATE=utf8mb4_unicode_ci;
/*!40101 SET character_set_client = @saved_cs_client */;

LOCK TABLES `migrations` WRITE;
/*!40000 ALTER TABLE `migrations` DISABLE KEYS */;
INSERT INTO `migrations` VALUES (1,'2014_10_12_000000_create_users_table',1),(2,'2014_10_12_100000_create_password_reset_tokens_table',1),(3,'2019_08_19_000000_create_failed_jobs_table',1),(4,'2019_12_14_000001_create_personal_access_tokens_table',1),(5,'2023_11_18_143206_create_scholarship_types_table',1),(6,'2023_11_18_143247_create_campuses_table',1),(7,'2023_11_18_143316_create_higher_education_institutes_table',1),(8,'2023_11_18_143406_create_scholarship_categories_table',1),(9,'2023_11_18_143435_create_degree_programs_table',1),(10,'2023_11_18_143507_create_scholarship_statuses_table',1),(11,'2023_11_18_143508_create_hei_disconnection_reasons_table',1),(12,'2023_11_18_143509_create_scholars_table',1);
/*!40000 ALTER TABLE `migrations` ENABLE KEYS */;
UNLOCK TABLES;
DROP TABLE IF EXISTS `password_reset_tokens`;
/*!40101 SET @saved_cs_client     = @@character_set_client */;
/*!40101 SET character_set_client = utf8 */;
CREATE TABLE `password_reset_tokens` (
  `email` varchar(125) NOT NULL,
  `token` varchar(125) NOT NULL,
  `created_at` timestamp NULL DEFAULT NULL,
  PRIMARY KEY (`email`)
) ENGINE=InnoDB DEFAULT CHARSET=utf8mb4 COLLATE=utf8mb4_unicode_ci;
/*!40101 SET character_set_client = @saved_cs_client */;

LOCK TABLES `password_reset_tokens` WRITE;
/*!40000 ALTER TABLE `password_reset_tokens` DISABLE KEYS */;
/*!40000 ALTER TABLE `password_reset_tokens` ENABLE KEYS */;
UNLOCK TABLES;
DROP TABLE IF EXISTS `personal_access_tokens`;
/*!40101 SET @saved_cs_client     = @@character_set_client */;
/*!40101 SET character_set_client = utf8 */;
CREATE TABLE `personal_access_tokens` (
  `id` bigint(20) unsigned NOT NULL AUTO_INCREMENT,
  `tokenable_type` varchar(125) NOT NULL,
  `tokenable_id` bigint(20) unsigned NOT NULL,
  `name` varchar(125) NOT NULL,
  `token` varchar(64) NOT NULL,
  `abilities` text DEFAULT NULL,
  `last_used_at` timestamp NULL DEFAULT NULL,
  `expires_at` timestamp NULL DEFAULT NULL,
  `created_at` timestamp NULL DEFAULT NULL,
  `updated_at` timestamp NULL DEFAULT NULL,
  PRIMARY KEY (`id`),
  UNIQUE KEY `personal_access_tokens_token_unique` (`token`),
  KEY `personal_access_tokens_tokenable_type_tokenable_id_index` (`tokenable_type`,`tokenable_id`)
) ENGINE=InnoDB DEFAULT CHARSET=utf8mb4 COLLATE=utf8mb4_unicode_ci;
/*!40101 SET character_set_client = @saved_cs_client */;

LOCK TABLES `personal_access_tokens` WRITE;
/*!40000 ALTER TABLE `personal_access_tokens` DISABLE KEYS */;
/*!40000 ALTER TABLE `personal_access_tokens` ENABLE KEYS */;
UNLOCK TABLES;
DROP TABLE IF EXISTS `scholars`;
/*!40101 SET @saved_cs_client     = @@character_set_client */;
/*!40101 SET character_set_client = utf8 */;
CREATE TABLE `scholars` (
  `id` bigint(20) unsigned NOT NULL AUTO_INCREMENT,
  `profile_photo` varchar(125) DEFAULT NULL,
  `first_name` varchar(125) NOT NULL,
  `last_name` varchar(125) NOT NULL,
  `middle_initial` varchar(125) DEFAULT NULL,
  `full_name` varchar(125) GENERATED ALWAYS AS (concat(`first_name`,' ',ifnull(concat(`middle_initial`,'.'),''),' ',`last_name`)) VIRTUAL,
  `alt_full_name` varchar(125) GENERATED ALWAYS AS (concat(`last_name`,', ',`first_name`,' ',ifnull(concat(`middle_initial`,'.'),''))) VIRTUAL,
  `campus_id` bigint(20) unsigned NOT NULL,
  `scholarship_type_id` bigint(20) unsigned NOT NULL,
  `scholarship_category_id` bigint(20) unsigned DEFAULT NULL,
  `degree_program_id` bigint(20) unsigned NOT NULL,
  `higher_education_institute_id` bigint(20) unsigned NOT NULL,
  `hei_disconnection_reason_id` bigint(20) unsigned DEFAULT NULL,
  `scholarship_status_id` bigint(20) unsigned NOT NULL,
  `contract_start_date` date NOT NULL,
  `contract_end_date` date NOT NULL,
  `status` varchar(125) DEFAULT NULL,
  `extension_period` varchar(125) DEFAULT NULL,
  `date_of_graduation` date DEFAULT NULL,
  `end_of_service_obligation_date` date DEFAULT NULL,
  `remarks` text DEFAULT NULL,
  `connected_to_hei` tinyint(1) NOT NULL DEFAULT 1,
  `extension_requested` tinyint(1) NOT NULL DEFAULT 0,
  `extension_status` varchar(125) DEFAULT NULL,
  `reentry_plan` longtext CHARACTER SET utf8mb4 COLLATE utf8mb4_bin NOT NULL DEFAULT json_array() CHECK (json_valid(`reentry_plan`)),
  `updates` longtext CHARACTER SET utf8mb4 COLLATE utf8mb4_bin NOT NULL DEFAULT json_array() CHECK (json_valid(`updates`)),
  `created_at` timestamp NULL DEFAULT NULL,
  `updated_at` timestamp NULL DEFAULT NULL,
  PRIMARY KEY (`id`),
  KEY `scholars_campus_id_foreign` (`campus_id`),
  KEY `scholars_scholarship_type_id_foreign` (`scholarship_type_id`),
  KEY `scholars_scholarship_category_id_foreign` (`scholarship_category_id`),
  KEY `scholars_degree_program_id_foreign` (`degree_program_id`),
  KEY `scholars_higher_education_institute_id_foreign` (`higher_education_institute_id`),
  KEY `scholars_hei_disconnection_reason_id_foreign` (`hei_disconnection_reason_id`),
  KEY `scholars_scholarship_status_id_foreign` (`scholarship_status_id`),
  CONSTRAINT `scholars_campus_id_foreign` FOREIGN KEY (`campus_id`) REFERENCES `campuses` (`id`),
  CONSTRAINT `scholars_degree_program_id_foreign` FOREIGN KEY (`degree_program_id`) REFERENCES `degree_programs` (`id`),
  CONSTRAINT `scholars_hei_disconnection_reason_id_foreign` FOREIGN KEY (`hei_disconnection_reason_id`) REFERENCES `hei_disconnection_reasons` (`id`),
  CONSTRAINT `scholars_higher_education_institute_id_foreign` FOREIGN KEY (`higher_education_institute_id`) REFERENCES `higher_education_institutes` (`id`),
  CONSTRAINT `scholars_scholarship_category_id_foreign` FOREIGN KEY (`scholarship_category_id`) REFERENCES `scholarship_categories` (`id`),
  CONSTRAINT `scholars_scholarship_status_id_foreign` FOREIGN KEY (`scholarship_status_id`) REFERENCES `scholarship_statuses` (`id`),
  CONSTRAINT `scholars_scholarship_type_id_foreign` FOREIGN KEY (`scholarship_type_id`) REFERENCES `scholarship_types` (`id`)
) ENGINE=InnoDB AUTO_INCREMENT=84 DEFAULT CHARSET=utf8mb4 COLLATE=utf8mb4_unicode_ci;
/*!40101 SET character_set_client = @saved_cs_client */;

LOCK TABLES `scholars` WRITE;
/*!40000 ALTER TABLE `scholars` DISABLE KEYS */;
INSERT INTO `scholars` VALUES (6,NULL,'Christopher','Blasurca',NULL,'Christopher  Blasurca','Blasurca, Christopher ',2,2,NULL,6,116,NULL,4,'2016-06-01','2019-03-31',NULL,'Approved 12 months extension / April 2020',NULL,NULL,'Reinstated but not yet completed\n',1,1,'Approved 12 months extension','[]','[]','2024-01-02 00:29:39','2024-01-02 00:39:04'),(7,NULL,'Micheal Kennedy','Camarao','G','Micheal Kennedy G. Camarao','Camarao, Micheal Kennedy G.',1,2,NULL,7,214,NULL,1,'2016-08-01','2019-05-31',NULL,'Approved 12 months extension / July 2020',NULL,NULL,'Reinstated but not yet completed',1,0,NULL,'[]','[]','2024-01-02 00:42:14','2024-01-02 00:42:14'),(8,NULL,'Mary Joy','Carnazo','C','Mary Joy C. Carnazo','Carnazo, Mary Joy C.',3,2,NULL,8,18,NULL,5,'2016-08-01','2019-05-31',NULL,'Approved 5 months extension / January 2023   	',NULL,NULL,'Reinstated but not yet completed	\n',1,0,NULL,'[]','[]','2024-01-02 00:46:13','2024-01-02 00:46:13'),(9,NULL,'Cheryl ','Daga-as','P','Cheryl  P. Daga-as','Daga-as, Cheryl  P.',1,2,NULL,9,116,NULL,5,'2016-06-01','2019-09-30',NULL,'Approved 12 months extension / April 2020	',NULL,NULL,'Ongoing (Lapsed)',1,1,'Approved','[]','[]','2024-01-02 00:49:49','2024-01-02 00:49:49'),(10,NULL,'Alexes ','Gallo','N.','Alexes  N.. Gallo','Gallo, Alexes  N..',3,2,NULL,11,201,NULL,5,'2016-06-01','2019-09-30',NULL,NULL,NULL,NULL,'Ongoing (Lapsed)\n',1,1,'Approved','[]','[]','2024-01-02 00:54:12','2024-01-02 00:54:12'),(11,NULL,'Geraldine ','Quillo','P.','Geraldine  P.. Quillo','Quillo, Geraldine  P..',6,2,NULL,12,230,NULL,6,'2016-08-01','2019-05-31',NULL,NULL,NULL,NULL,'Reinstated but not yet completed	\n',1,1,'Approved','[]','[]','2024-01-02 01:06:24','2024-01-02 01:06:24'),(12,NULL,'Doreen','Tampus','B.','Doreen B.. Tampus','Tampus, Doreen B..',3,2,NULL,8,18,NULL,5,'2016-08-01','2019-05-31',NULL,'Approved 5 months extension / January 2023	',NULL,NULL,' Ongoing (Lapsed)\n',1,1,'Approved','[]','[]','2024-01-02 01:09:46','2024-01-02 01:09:46'),(13,NULL,'Ellen','Consomo','L.','Ellen L.. Consomo','Consomo, Ellen L..',1,2,NULL,12,47,NULL,5,'2016-10-01','2019-12-31',NULL,'Approved 12 months extension / December 2020	',NULL,NULL,'Reinstated but not yet completed	\n',1,1,'Approved','[]','[]','2024-01-02 01:15:26','2024-01-02 01:15:26'),(14,NULL,'Gemma','Constantino','A','Gemma A. Constantino','Constantino, Gemma A.',1,2,NULL,13,214,NULL,1,'2017-01-01','2020-12-31',NULL,'Approved 12 Months extension (August 2022-July 2023)	',NULL,NULL,'Ongoing',1,1,'Approved','[]','[]','2024-01-02 01:19:33','2024-01-02 01:19:33'),(15,NULL,'Gina Rose Trexianne','Sy','S.','Gina Rose Trexianne S.. Sy','Sy, Gina Rose Trexianne S..',3,2,NULL,6,151,NULL,5,'2016-11-01','2019-11-02',NULL,'Approved 12 months extension	',NULL,NULL,'Reinstated but not yet completed	\n',1,1,'Approved','[]','[]','2024-01-02 08:53:10','2024-01-02 08:53:10'),(16,NULL,'Gloria','Envidiado','D.','Gloria D.. Envidiado','Envidiado, Gloria D..',1,2,NULL,14,47,NULL,5,'2017-08-01','2020-05-01',NULL,'Approved 12 months extension	',NULL,NULL,'Reinstated but not yet completed	\n',1,1,'Approved','[]','[]','2024-01-04 02:42:11','2024-01-04 02:42:11'),(17,NULL,'Rizza','Envidiado','D.','Rizza D.. Envidiado','Envidiado, Rizza D..',2,2,NULL,1,47,NULL,5,'2017-08-01','2020-07-31',NULL,'Approved 12 months extension	',NULL,NULL,'Reinstated but not yet completed',1,1,'Approved','[]','[]','2024-01-04 05:13:10','2024-01-04 05:13:10'),(18,NULL,'Maricel','Amit','L.','Maricel L.. Amit','Amit, Maricel L..',1,2,NULL,15,172,NULL,5,'2024-08-01','2020-05-01',NULL,'Approved 12 months extension',NULL,NULL,'Reinstated but not yet completed	\n',1,1,'Approved','[]','[]','2024-01-04 05:24:13','2024-01-04 05:24:13'),(19,NULL,'Benedict ','Rabut','A.','Benedict  A.. Rabut','Rabut, Benedict  A..',3,2,NULL,15,172,NULL,5,'2016-06-01','2019-03-31',NULL,'Approved 12 months extension',NULL,NULL,'Reinstated but not yet completed\n',1,1,'Approved','[]','[]','2024-01-04 05:32:55','2024-01-04 05:32:55'),(20,NULL,'Esther','Lancita','S','Esther S. Lancita','Lancita, Esther S.',1,2,NULL,16,205,NULL,2,'2016-08-01','2019-11-30',NULL,'N/A','2019-06-01','2024-06-01','Reinstated, Completed	\n',1,0,'N/A','[]','[]','2024-01-04 05:48:40','2024-01-04 05:48:40'),(21,NULL,'Tonina','Luna','M','Tonina M. Luna','Luna, Tonina M.',1,2,NULL,16,205,NULL,2,'2016-08-01','2019-11-01',NULL,'N/A','2019-06-01','2024-06-01','Reinstated, Completed	\n',1,0,'N/A','[]','[]','2024-01-04 05:57:51','2024-01-04 05:57:51'),(22,NULL,'Paul Ryan ','Oñas','L','Paul Ryan  L. Oñas','Oñas, Paul Ryan  L.',1,2,NULL,17,224,NULL,2,'2016-08-01','2019-07-31',NULL,'Approved 10 months extension','2020-07-01','2028-05-29','Reinstated, Completed	\n',1,0,'N/A','[]','[]','2024-01-04 06:08:36','2024-01-04 06:08:36'),(23,NULL,'Iril','Panes','I','Iril I. Panes','Panes, Iril I.',1,2,NULL,18,231,NULL,2,'2016-07-01','2019-06-30',NULL,'Approved 5 months extension / January','2020-01-25','2028-01-25','Reinstated, Completed	\n',1,1,'Approved','[]','[]','2024-01-04 07:01:32','2024-01-04 07:01:32'),(24,NULL,'Rodelyn','Dalayap','M','Rodelyn M. Dalayap','Dalayap, Rodelyn M.',2,2,NULL,1,230,NULL,1,'2024-01-13','2024-01-02',NULL,NULL,NULL,NULL,NULL,0,0,NULL,'[]','[]','2024-01-04 07:18:33','2024-01-04 07:18:33'),(25,NULL,'Mary Grace','Molina','S.','Mary Grace S.. Molina','Molina, Mary Grace S..',2,4,NULL,19,104,NULL,1,'2022-01-01','2026-01-01',NULL,NULL,NULL,NULL,'Ongoing',1,0,'N/A','[]','[]','2024-01-04 07:55:26','2024-01-04 07:55:26'),(26,NULL,'Elizabeth','Bauzon',NULL,'Elizabeth  Bauzon','Bauzon, Elizabeth ',2,4,NULL,20,212,NULL,2,'2022-03-01','2022-12-01',NULL,'N/A',NULL,NULL,'Completed',1,0,'N/A','[]','[]','2024-01-04 08:08:33','2024-01-04 08:08:33'),(27,NULL,'Jeeb','Abelito',NULL,'Jeeb  Abelito','Abelito, Jeeb ',1,4,NULL,21,212,NULL,2,'2022-04-13','2025-04-13',NULL,'N/A',NULL,NULL,'Reinstated/ Completed',1,0,'appeo','[]','[]','2024-01-04 08:14:25','2024-01-04 08:14:25'),(28,NULL,'Keiven Mark','Ampode',NULL,'Keiven Mark  Ampode','Ampode, Keiven Mark ',4,6,NULL,22,232,NULL,1,'2020-08-08','2024-08-08',NULL,NULL,NULL,NULL,'ongoing',1,0,'N/A','[]','[]','2024-01-04 08:30:44','2024-01-04 08:33:08'),(29,NULL,'Argeena','Agao-Agao','A','Argeena A. Agao-Agao','Agao-Agao, Argeena A.',6,6,NULL,23,233,NULL,1,'2023-09-01','2027-02-28',NULL,NULL,NULL,NULL,'N/A',1,0,'N/A','[]','[]','2024-01-04 08:32:48','2024-01-04 08:32:48'),(30,NULL,'Karen Joy','Talidong','B.','Karen Joy B.. Talidong','Talidong, Karen Joy B..',1,6,NULL,5,234,NULL,2,'2017-08-08','2021-09-01',NULL,NULL,'2021-09-01','2029-09-01','Completed/ Reinstated',1,0,'n','[]','[]','2024-01-04 08:46:47','2024-01-04 08:46:47'),(31,NULL,'Charity','Oria',NULL,'Charity  Oria','Oria, Charity ',3,7,NULL,24,17,NULL,2,'2022-08-15','2023-08-14',NULL,NULL,NULL,NULL,'Completed/ Reinstated',1,0,'N/A','[]','[]','2024-01-04 08:54:50','2024-01-04 08:54:50'),(32,NULL,'Adonis','Besa','S','Adonis S. Besa','Besa, Adonis S.',1,1,5,4,168,NULL,2,'2021-04-14','2021-04-14',NULL,NULL,NULL,'2023-04-14','Completed',1,0,NULL,'[]','[]','2024-01-05 03:10:50','2024-01-08 05:09:45'),(33,NULL,'Hassanal ','Abusama','P','Hassanal  P. Abusama','Abusama, Hassanal  P.',1,1,2,1,205,NULL,5,'2022-07-19','2023-07-19',NULL,'N/A',NULL,NULL,'Ongoing/Lapsed',1,0,NULL,'[]','[]','2024-01-05 03:21:22','2024-01-11 00:46:42'),(34,NULL,'Eulogio','Apellido, Jr',NULL,'Eulogio  Apellido, Jr','Apellido, Jr, Eulogio ',3,1,1,2,204,NULL,5,'2008-04-14','2011-04-13',NULL,'No data',NULL,NULL,'Reinstated but not yet completed	\n',1,0,'No data','[]','[]','2024-01-05 03:33:03','2024-01-11 00:46:49'),(35,NULL,'Wilfredo','Atayan',NULL,'Wilfredo  Atayan','Atayan, Wilfredo ',2,1,1,3,212,NULL,1,'2022-01-04','2025-01-03',NULL,'N/A',NULL,NULL,'Ongoing',1,0,'N/A','[]','[]','2024-01-05 03:38:43','2024-01-11 00:46:57'),(36,NULL,'Nor-en','Bangkulit','E','Nor-en E. Bangkulit','Bangkulit, Nor-en E.',1,1,5,25,205,NULL,3,'2022-01-04','2023-01-03',NULL,'N/A',NULL,NULL,'Completed',1,0,NULL,'[]','[]','2024-01-05 03:49:55','2024-01-05 03:49:55'),(37,NULL,'Antonio','Bibat, Jr.','G','Antonio G. Bibat, Jr.','Bibat, Jr., Antonio G.',5,1,1,5,201,NULL,1,'2023-01-01','2026-12-31',NULL,'N/A',NULL,NULL,'Ongoing',1,0,'N/A','[]','[]','2024-01-05 03:58:11','2024-01-05 03:58:11'),(38,NULL,'Vivencio','Calixtro, Jr.','L','Vivencio L. Calixtro, Jr.','Calixtro, Jr., Vivencio L.',1,1,2,3,220,NULL,2,'2019-08-01','2020-05-01',NULL,'N/A',NULL,'2022-10-14','Completed',1,0,'N/A','[]','[]','2024-01-05 05:39:50','2024-01-05 05:39:50'),(39,NULL,'Lennie Ann ','Cerdana','C.','Lennie Ann  C.. Cerdana','Cerdana, Lennie Ann  C..',1,1,4,26,147,NULL,2,'2024-01-01','2024-01-01',NULL,'N/A',NULL,NULL,'Completed',1,0,'N/A','[]','[]','2024-01-05 05:44:35','2024-01-05 05:44:35'),(40,NULL,'Lovina','Cogollo','P','Lovina P. Cogollo','Cogollo, Lovina P.',2,1,1,27,191,NULL,2,'2017-06-06','2020-05-04',NULL,'N/A','2020-06-01','2026-05-31','Completed',1,0,'N/A','[]','[]','2024-01-05 05:48:43','2024-01-05 05:48:43'),(41,NULL,'Hannah','Dafielmoto','L.','Hannah L.. Dafielmoto','Dafielmoto, Hannah L..',7,1,3,4,116,NULL,1,'2024-01-01','2024-12-31',NULL,'N/A',NULL,NULL,'Ongoing',1,0,'N/A','[]','[]','2024-01-05 05:57:12','2024-01-05 05:57:12'),(42,NULL,'Cris John','Dela Cruz','C','Cris John C. Dela Cruz','Dela Cruz, Cris John C.',2,1,2,28,191,NULL,2,'2022-05-19','2023-05-18',NULL,'Not Applicable','2021-06-01','2023-05-31','Completed',1,0,'N/A','[]','[]','2024-01-05 06:03:09','2024-01-05 06:03:09'),(43,NULL,'Lodifel ','Deypalan','C','Lodifel  C. Deypalan','Deypalan, Lodifel  C.',1,1,3,29,205,NULL,1,'2023-09-01','2024-08-31',NULL,'Not Applicable',NULL,NULL,'Ongoing',1,0,NULL,'[]','[]','2024-01-05 06:11:20','2024-01-05 06:11:20'),(44,NULL,'Nancy','Espacio','B.','Nancy B.. Espacio','Espacio, Nancy B..',1,1,1,4,235,NULL,2,'2013-06-03','2017-06-02',NULL,'1 year extension','2018-06-01','2026-05-31','Completed/ Reinstated',1,1,'Approved','[]','[]','2024-01-05 06:20:06','2024-01-05 06:20:06'),(45,NULL,'Lowell','Espinosa','D','Lowell D. Espinosa','Espinosa, Lowell D.',3,1,1,2,230,NULL,2,'2008-04-14','2011-04-13',NULL,'No data',NULL,NULL,'No Progress',1,0,NULL,'[]','[]','2024-01-05 06:24:59','2024-01-05 06:24:59'),(46,NULL,'Divina','Feliciano','T.','Divina T.. Feliciano','Feliciano, Divina T..',2,1,5,25,191,NULL,2,'2022-01-01','2023-01-01',NULL,'Not Applicable',NULL,'2025-01-01','Completed',1,0,'Not Applicable','[]','[]','2024-01-05 06:29:00','2024-01-05 06:29:00'),(47,NULL,'Rey','Fuentebilla','S','Rey S. Fuentebilla','Fuentebilla, Rey S.',1,1,1,12,230,NULL,5,'2014-06-01','2017-05-31',NULL,'Not Applicable',NULL,NULL,'Reinstated but but not yet completed /Lapsed	\n',1,0,'Not Applicable','[]','[]','2024-01-05 08:22:55','2024-01-05 08:22:55'),(48,NULL,'Victorino','Laviste','M.','Victorino M.. Laviste','Laviste, Victorino M..',6,1,3,4,118,NULL,1,'2023-09-01','2024-08-31',NULL,'Not Applicable',NULL,NULL,'Ongoing',1,0,'Not Applicable','[]','[]','2024-01-05 08:26:06','2024-01-05 08:26:06'),(49,NULL,'Alvin ','Magbanua',NULL,'Alvin   Magbanua','Magbanua, Alvin  ',3,1,5,3,220,NULL,2,'2023-08-08','2023-08-08',NULL,'Not applicable','2024-08-08','2024-08-08','Completed',1,0,'Not Applicable','[]','[]','2024-01-08 01:14:01','2024-01-08 01:14:01'),(50,NULL,'Cherrylou','Magbanua','B','Cherrylou B. Magbanua','Magbanua, Cherrylou B.',1,1,1,3,220,NULL,2,'2017-09-05','2021-04-05',NULL,'Approved 12 months extension','2021-06-01','2029-05-31','Completed/Reinstated',1,1,'Approved','[]','[]','2024-01-08 01:21:41','2024-01-08 01:21:41'),(51,NULL,'Amera','Malaco',NULL,'Amera  Malaco','Malaco, Amera ',1,1,1,1,205,NULL,1,'2022-01-03','2025-01-02',NULL,'Not Applicable',NULL,NULL,'Ongoing',1,0,'Not Applicable','[]','[]','2024-01-08 01:24:04','2024-01-08 01:24:04'),(52,NULL,'Adelaida','Matilos',NULL,'Adelaida  Matilos','Matilos, Adelaida ',3,1,1,6,116,NULL,4,'2024-01-01','2024-01-01',NULL,NULL,NULL,NULL,'Not Completed',1,0,NULL,'[]','[]','2024-01-08 01:41:38','2024-01-08 01:41:38'),(53,NULL,'Emy','Morbo',NULL,'Emy  Morbo','Morbo, Emy ',1,1,2,3,212,NULL,1,'2023-09-01','2024-08-31',NULL,'Not applicable',NULL,NULL,'Ongoing',1,0,'N/A','[]','[]','2024-01-08 01:59:16','2024-01-08 01:59:16'),(54,NULL,'Cesar','Nallos III','J.','Cesar J.. Nallos III','Nallos III, Cesar J..',1,1,2,18,116,NULL,1,'2023-08-01','2024-07-31',NULL,'N/A',NULL,NULL,'ongoing',1,0,'Not Applicable','[]','[]','2024-01-08 02:01:48','2024-01-08 02:01:48'),(55,NULL,'Graciela Lou','Nallos','M.','Graciela Lou M.. Nallos','Nallos, Graciela Lou M..',1,1,2,18,116,NULL,1,'2023-08-01','2024-07-31',NULL,'Not applicable',NULL,NULL,'Ongoing',1,0,'Not Applicable','[]','[]','2024-01-08 02:03:38','2024-01-08 02:03:38'),(56,NULL,'Dexter','Necor','C','Dexter C. Necor','Necor, Dexter C.',1,1,2,30,118,NULL,2,'2021-01-01','2021-12-31',NULL,'Not Applicable','2021-12-01','2023-11-30','Completed',0,0,NULL,'[]','[]','2024-01-08 02:12:23','2024-01-08 02:12:23'),(57,NULL,'Amy','Padernal','A','Amy A. Padernal','Padernal, Amy A.',2,1,2,31,236,NULL,1,'2023-08-01','2024-07-31',NULL,'Not Applicable',NULL,NULL,'Ongoing',1,0,'Not applicable','[]','[]','2024-01-08 02:42:59','2024-01-08 02:42:59'),(58,NULL,'Eufemia','Porque','B.','Eufemia B.. Porque','Porque, Eufemia B..',2,1,5,25,191,NULL,2,'2022-01-01','2022-12-31',NULL,NULL,NULL,'2025-01-01','Completed',1,0,'Not Applicable','[]','[]','2024-01-08 02:46:56','2024-01-08 02:46:56'),(59,NULL,'Alex','Remegio, Jr.','N.','Alex N.. Remegio, Jr.','Remegio, Jr., Alex N..',3,1,6,24,17,NULL,5,'2019-08-01','2022-05-31',NULL,NULL,NULL,NULL,'Ongoing',1,0,'Not applicable','[]','[]','2024-01-08 02:49:48','2024-01-08 02:49:48'),(60,NULL,'Jeannie','Romano',NULL,'Jeannie  Romano','Romano, Jeannie ',2,1,1,1,47,NULL,2,'2009-01-01','2012-12-31',NULL,NULL,'2018-06-01','2025-05-31','Completed',1,1,'Approved','[]','[]','2024-01-08 02:55:22','2024-01-08 02:55:22'),(61,NULL,'Kendatu','Tago','L.','Kendatu L.. Tago','Tago, Kendatu L..',2,1,7,32,119,NULL,7,'2017-09-01','2019-12-31',NULL,NULL,NULL,NULL,'Reinstated but not yet completed/Lapsed	\n',1,0,'Not Applicable','[]','[]','2024-01-08 03:01:02','2024-01-08 03:01:02'),(62,NULL,'Mohamad Isa','Usman','S','Mohamad Isa S. Usman','Usman, Mohamad Isa S.',2,1,1,3,220,NULL,2,'2018-06-01','2022-05-31',NULL,NULL,'2021-06-01','2029-05-31','Completed/ Reinstated	\n',1,0,'Not Applicable','[]','[]','2024-01-08 03:14:47','2024-01-08 03:14:47'),(63,NULL,'Anamarie','Valdez','G.','Anamarie G.. Valdez','Valdez, Anamarie G..',1,1,5,1,116,NULL,2,'2022-01-01','2022-12-31',NULL,NULL,NULL,'2025-12-31','Completed',1,0,'Not Applicable','[]','[]','2024-01-08 03:17:40','2024-01-08 03:17:40'),(64,NULL,'Cherry Vanessa','Ventura',NULL,'Cherry Vanessa  Ventura','Ventura, Cherry Vanessa ',1,1,3,4,168,NULL,5,'2020-01-01','2020-12-31',NULL,NULL,NULL,NULL,'Reinstated but not yet completed/Lapsed	\n',1,0,NULL,'[]','[]','2024-01-08 03:23:03','2024-01-08 03:23:03'),(65,NULL,'Noraisa','Yasin','K','Noraisa K. Yasin','Yasin, Noraisa K.',2,1,3,33,168,NULL,2,'2018-06-01','2020-05-31',NULL,NULL,'2019-05-31','2021-05-31','Completed/ Reinstated/Completed Return service obligation	\n',1,0,'Not Applicable','[]','[]','2024-01-08 03:28:09','2024-01-08 03:28:09'),(66,NULL,'Ziljih ','Molina',NULL,'Ziljih   Molina','Molina, Ziljih  ',2,5,NULL,1,104,NULL,1,'2023-08-07','2026-08-07',NULL,NULL,NULL,NULL,'Ongoing',1,0,'Not applicable','[]','[{\"date\":\"2024-01-17T05:44:22+00:00\",\"details\":\"Submitted the Report of Grades for 1st semester 2023-2024\"},{\"date\":\"2024-01-17T05:44:22+00:00\",\"details\":\"Submitted the COR for second semester 2023-2024\"},{\"date\":\"2024-01-17T05:44:22+00:00\",\"details\":\"Submitted a progress report\"},{\"date\":\"2024-01-17T05:44:22+00:00\",\"details\":\"No notarized Scholarship Agreement\\n\"}]','2024-01-17 02:10:41','2024-01-17 05:44:22'),(67,NULL,'Roselyn','Andamon ','G','Roselyn G. Andamon ','Andamon , Roselyn G.',4,5,NULL,34,222,NULL,2,'2020-08-17','2023-08-16',NULL,'6 months',NULL,NULL,NULL,1,1,NULL,'[]','[{\"date\":\"2023-12-22T02:30:56+00:00\",\"details\":\"Letter of Reinstatement - she will be assigned in the CA - ACCESS Campus\"}]','2024-01-17 02:30:56','2024-01-17 02:30:56'),(68,NULL,'Brando','Razon','C','Brando C. Razon','Razon, Brando C.',1,5,NULL,13,216,NULL,1,'2020-10-01','2023-09-30',NULL,'Approved 12 months extension',NULL,NULL,'Approved',1,1,'Approved','[]','[{\"date\":\"2023-10-03T02:41:07+00:00\",\"details\":\"1 year Study leave (10-1-23 to 9-30-24)\"}]','2024-01-17 02:41:07','2024-01-17 02:41:07'),(69,NULL,'Sunshine ','Paraico','M.','Sunshine  M.. Paraico','Paraico, Sunshine  M..',2,5,NULL,35,60,NULL,1,'2021-10-01','2024-09-30',NULL,NULL,NULL,NULL,'Ongoing',1,0,'Not applicable','[]','[]','2024-01-17 03:30:23','2024-01-17 03:30:23'),(70,NULL,'Samuel ','Salvador','R','Samuel  R. Salvador','Salvador, Samuel  R.',4,5,NULL,35,201,NULL,1,'2022-01-01','2025-12-31',NULL,'Not Applicable',NULL,NULL,'Ongoing',1,0,'Not applicable','[]','[]','2024-01-17 05:12:41','2024-01-17 05:12:41'),(71,NULL,'Ivan Roy','Evangelista',NULL,'Ivan Roy  Evangelista','Evangelista, Ivan Roy ',3,5,NULL,36,60,NULL,1,'2022-01-01','2023-12-31',NULL,'Not Applicable',NULL,NULL,'Ongoing',1,0,'Not Applicable','[]','[]','2024-01-17 05:18:28','2024-01-17 05:18:28'),(72,NULL,'Karen ','Catane','L','Karen  L. Catane','Catane, Karen  L.',6,5,NULL,37,237,NULL,1,'2022-08-15','2025-08-14',NULL,'Not applicable',NULL,NULL,'Ongoing',1,0,'Not applicable','[]','[]','2024-01-17 05:21:39','2024-01-17 05:21:39'),(73,NULL,'Marilou','Sombria',NULL,'Marilou  Sombria','Sombria, Marilou ',1,5,NULL,38,224,NULL,1,'2022-08-29','2025-08-14',NULL,'Not applicable',NULL,NULL,'Ongoing',1,0,'Not Applicable','[]','[]','2024-01-17 05:29:32','2024-01-17 05:29:32'),(74,NULL,'Teffany','Gonzaga',NULL,'Teffany  Gonzaga','Gonzaga, Teffany ',1,5,NULL,39,214,NULL,1,'2023-08-29','2026-08-28',NULL,'Not Applicable',NULL,NULL,'Ongoing',1,0,'Not Applicable','[]','[]','2024-01-17 05:35:32','2024-01-17 05:35:32'),(75,NULL,'Mark Louie','Aguilar',NULL,'Mark Louie  Aguilar','Aguilar, Mark Louie ',3,3,NULL,40,17,NULL,1,'2016-01-01','2018-12-31',NULL,'Not Applicable',NULL,NULL,'Ongoin',1,0,'Not Applicable','[]','[]','2024-01-17 06:23:32','2024-01-17 06:23:32'),(76,NULL,'Zinia Rose ','Sumugat ','M','Zinia Rose  M. Sumugat ','Sumugat , Zinia Rose  M.',6,3,NULL,41,118,NULL,5,'2017-01-01','2018-12-31',NULL,'Not applicable',NULL,NULL,'Not Yet Completed',1,0,'Not Applicable','[]','[]','2024-01-17 06:31:16','2024-01-17 06:31:16'),(77,NULL,'Mailyne','Bacongco',NULL,'Mailyne  Bacongco','Bacongco, Mailyne ',6,3,NULL,42,17,NULL,2,'2016-06-01','2024-03-31',NULL,'Not Applicable',NULL,NULL,'Completed/Reinstated',1,0,'Not applicable','[]','[]','2024-01-17 06:39:28','2024-01-17 06:39:28'),(78,NULL,'Esnehara','Bagundang',NULL,'Esnehara  Bagundang','Bagundang, Esnehara ',3,3,NULL,40,17,NULL,2,'2016-06-01','2018-03-31',NULL,'Not Applicable',NULL,NULL,'Complete/Reinstated',1,0,'Not Applicable','[]','[]','2024-01-17 07:59:53','2024-01-17 07:59:53'),(79,NULL,'Almire','Boniel',NULL,'Almire  Boniel','Boniel, Almire ',2,3,NULL,43,201,NULL,2,'2016-06-01','2018-03-31',NULL,'Not Applicable',NULL,NULL,'Completed',1,0,'Not Applicable','[]','[]','2024-01-17 08:04:22','2024-01-17 08:04:22'),(80,NULL,'Lenmar','Catajay',NULL,'Lenmar  Catajay','Catajay, Lenmar ',3,3,NULL,44,17,NULL,2,'2016-06-01','2018-03-31',NULL,'Not Applicable',NULL,NULL,'Completed/Reinstated',1,0,'Not Applicable','[]','[]','2024-01-17 08:13:37','2024-01-17 08:13:37'),(81,NULL,'Noraisa','Dalida','S','Noraisa S. Dalida','Dalida, Noraisa S.',2,3,NULL,45,104,NULL,2,'2016-08-01','2018-05-31',NULL,'Not applicable',NULL,NULL,'Complete/Reinstated',1,0,'Not applicable','[]','[]','2024-01-17 08:18:56','2024-01-17 08:18:56'),(82,NULL,'Kyrene','Dizon',NULL,'Kyrene  Dizon','Dizon, Kyrene ',3,3,NULL,46,104,NULL,2,'2016-08-01','2018-05-31',NULL,'Not Applicable',NULL,NULL,'Completed/Reinstaed',1,0,'Not applicable','[]','[]','2024-01-17 08:38:00','2024-01-17 08:38:00'),(83,NULL,'John Larry','Geonigo',NULL,'John Larry  Geonigo','Geonigo, John Larry ',2,3,NULL,47,118,NULL,2,'2016-06-01','2018-03-31',NULL,'Not Applicable',NULL,NULL,'Complete/Reinstate',1,0,'Not applicable','[]','[]','2024-01-17 08:44:38','2024-01-17 08:44:38');
/*!40000 ALTER TABLE `scholars` ENABLE KEYS */;
UNLOCK TABLES;
DROP TABLE IF EXISTS `scholarship_categories`;
/*!40101 SET @saved_cs_client     = @@character_set_client */;
/*!40101 SET character_set_client = utf8 */;
CREATE TABLE `scholarship_categories` (
  `id` bigint(20) unsigned NOT NULL AUTO_INCREMENT,
  `name` varchar(125) NOT NULL,
  `created_at` timestamp NULL DEFAULT NULL,
  `updated_at` timestamp NULL DEFAULT NULL,
  PRIMARY KEY (`id`)
) ENGINE=InnoDB AUTO_INCREMENT=8 DEFAULT CHARSET=utf8mb4 COLLATE=utf8mb4_unicode_ci;
/*!40101 SET character_set_client = @saved_cs_client */;

LOCK TABLES `scholarship_categories` WRITE;
/*!40000 ALTER TABLE `scholarship_categories` DISABLE KEYS */;
INSERT INTO `scholarship_categories` VALUES (1,'A','2023-12-25 14:50:05','2023-12-25 14:50:05'),(2,'D','2023-12-25 14:50:05','2023-12-25 14:50:05'),(3,'E','2023-12-25 14:50:05','2023-12-25 14:50:05'),(4,'F','2023-12-25 14:50:05','2023-12-25 14:50:05'),(5,'Special Privilege','2023-12-25 14:50:05','2024-01-05 03:03:23'),(6,'B','2024-01-08 02:47:39','2024-01-08 02:47:39'),(7,'C','2024-01-08 02:58:20','2024-01-08 02:58:20');
/*!40000 ALTER TABLE `scholarship_categories` ENABLE KEYS */;
UNLOCK TABLES;
DROP TABLE IF EXISTS `scholarship_statuses`;
/*!40101 SET @saved_cs_client     = @@character_set_client */;
/*!40101 SET character_set_client = utf8 */;
CREATE TABLE `scholarship_statuses` (
  `id` bigint(20) unsigned NOT NULL AUTO_INCREMENT,
  `name` varchar(125) NOT NULL,
  `created_at` timestamp NULL DEFAULT NULL,
  `updated_at` timestamp NULL DEFAULT NULL,
  PRIMARY KEY (`id`)
) ENGINE=InnoDB AUTO_INCREMENT=8 DEFAULT CHARSET=utf8mb4 COLLATE=utf8mb4_unicode_ci;
/*!40101 SET character_set_client = @saved_cs_client */;

LOCK TABLES `scholarship_statuses` WRITE;
/*!40000 ALTER TABLE `scholarship_statuses` DISABLE KEYS */;
INSERT INTO `scholarship_statuses` VALUES (1,'Ongoing','2023-12-25 14:50:05','2023-12-25 14:50:05'),(2,'Completed','2023-12-25 14:50:05','2023-12-25 14:50:05'),(3,'For BOR Approval','2023-12-25 14:50:05','2023-12-25 14:50:05'),(4,'No Progress','2023-12-25 14:50:05','2023-12-25 14:50:05'),(5,'Ongoing/Lapsed','2024-01-02 00:43:07','2024-01-02 00:43:07'),(6,'Completed / Requirements not submitted','2024-01-02 00:54:57','2024-01-02 00:54:57'),(7,'Completed Academic Requirements','2024-01-08 03:00:16','2024-01-08 03:00:16');
/*!40000 ALTER TABLE `scholarship_statuses` ENABLE KEYS */;
UNLOCK TABLES;
DROP TABLE IF EXISTS `scholarship_types`;
/*!40101 SET @saved_cs_client     = @@character_set_client */;
/*!40101 SET character_set_client = utf8 */;
CREATE TABLE `scholarship_types` (
  `id` bigint(20) unsigned NOT NULL AUTO_INCREMENT,
  `name` varchar(125) NOT NULL,
  `created_at` timestamp NULL DEFAULT NULL,
  `updated_at` timestamp NULL DEFAULT NULL,
  PRIMARY KEY (`id`)
) ENGINE=InnoDB AUTO_INCREMENT=8 DEFAULT CHARSET=utf8mb4 COLLATE=utf8mb4_unicode_ci;
/*!40101 SET character_set_client = @saved_cs_client */;

LOCK TABLES `scholarship_types` WRITE;
/*!40000 ALTER TABLE `scholarship_types` DISABLE KEYS */;
INSERT INTO `scholarship_types` VALUES (1,'Institutional','2023-12-25 14:50:05','2023-12-25 14:50:05'),(2,'CHED K-12 (Doctoral)','2023-12-25 14:50:05','2023-12-25 14:50:05'),(3,'CHED K-12 ( Masteral)','2023-12-25 14:50:05','2023-12-25 14:50:05'),(4,'CHED SIKAP','2023-12-25 14:50:05','2023-12-25 14:50:05'),(5,'DOST','2023-12-25 14:50:05','2023-12-25 14:50:05'),(6,'FOREIGN SCHOLARSHIP','2023-12-25 14:50:05','2023-12-25 14:50:05'),(7,'OTHER SCHOLARSHIP','2023-12-25 14:50:05','2023-12-25 14:50:05');
/*!40000 ALTER TABLE `scholarship_types` ENABLE KEYS */;
UNLOCK TABLES;
DROP TABLE IF EXISTS `users`;
/*!40101 SET @saved_cs_client     = @@character_set_client */;
/*!40101 SET character_set_client = utf8 */;
CREATE TABLE `users` (
  `id` bigint(20) unsigned NOT NULL AUTO_INCREMENT,
  `name` varchar(125) NOT NULL,
  `email` varchar(125) NOT NULL,
  `email_verified_at` timestamp NULL DEFAULT NULL,
  `password` varchar(125) NOT NULL,
  `remember_token` varchar(100) DEFAULT NULL,
  `created_at` timestamp NULL DEFAULT NULL,
  `updated_at` timestamp NULL DEFAULT NULL,
  PRIMARY KEY (`id`),
  UNIQUE KEY `users_email_unique` (`email`)
) ENGINE=InnoDB AUTO_INCREMENT=3 DEFAULT CHARSET=utf8mb4 COLLATE=utf8mb4_unicode_ci;
/*!40101 SET character_set_client = @saved_cs_client */;

LOCK TABLES `users` WRITE;
/*!40000 ALTER TABLE `users` DISABLE KEYS */;
INSERT INTO `users` VALUES (1,'Jules Marcelino','admin@gmail.com',NULL,'$2y$12$C7FZc7/GuQ26pgIle3dTneFqOoT7yhtRUL2ekFsNm8ThoLpaUoHJK',NULL,'2023-12-25 14:50:05','2023-12-25 14:50:05'),(2,'Jules Wesley Marcelino','juleswesley.marcelino@sksu.edu.ph',NULL,'$2y$12$UtpqkWEv0HfZb447AM8br.hBrc6K7LT0cwqCBoCIMeuJc.CP6rFf2',NULL,'2023-12-25 14:50:05','2023-12-25 14:50:05');
/*!40000 ALTER TABLE `users` ENABLE KEYS */;
UNLOCK TABLES;
/*!40103 SET TIME_ZONE=@OLD_TIME_ZONE */;

/*!40101 SET SQL_MODE=@OLD_SQL_MODE */;
/*!40014 SET FOREIGN_KEY_CHECKS=@OLD_FOREIGN_KEY_CHECKS */;
/*!40014 SET UNIQUE_CHECKS=@OLD_UNIQUE_CHECKS */;
/*!40101 SET CHARACTER_SET_CLIENT=@OLD_CHARACTER_SET_CLIENT */;
/*!40101 SET CHARACTER_SET_RESULTS=@OLD_CHARACTER_SET_RESULTS */;
/*!40101 SET COLLATION_CONNECTION=@OLD_COLLATION_CONNECTION */;
/*!40111 SET SQL_NOTES=@OLD_SQL_NOTES */;

